ts	phase	decision	why	evidence	result
2026-09-04T21:20:31Z	fitter	Repair duplicate centers on the BF16 grid and stamp affected codebooks	Original fitter aborted on a degenerate source expert; preserve the existing Lloyd fit	07e3284; artifacts/ds4v-fitter-fix/red.log; artifacts/ds4v-fitter-fix/green.log; artifacts/ds4v-fitter-fix/replay-42-164.log	Unit, smoke, and expert replay pass; full conversion running
2026-09-04T21:20:31Z	isolation	Use separate local and soulf worktrees; stop recorded baseline PID3263851	Original Mac index has pre-existing deletions; soulf baseline test occupied memory	07e3284; soulf:lucebox-ds4v-mix-fix/artifacts/fitter-fix/cleanup-baseline.txt	Original checkout files preserved; test PID exited;8016not touched
2026-09-04T21:32:21Z	vision-reference	Run the parent image processor, tower, and aligner on both supplied photos	Need numerical ground truth for the C++ vision implementation	artifacts/ds4v-step2/reference-manifest.json; artifacts/ds4v-step2/reference-run.log	CPU reference produced finite embeddings and position-dependent layouts for carrots and corn
2026-09-04T21:45:09Z	architecture	Keep the small request payload and extend the existing hybrid graph	Avoid duplicating the decoder or migrating unrelated backend APIs	artifacts/ds4v-step2/design-a.md; artifacts/ds4v-step2/design-b.md; artifacts/ds4v-step2/design.md	Selected after independent same-family review; component and image HTTP gates remain open
2026-09-04T21:58:41Z	conversion	Full calibration passed the prior failing expert	BF16 epsilon separation fixed the actual full-run collision without changing fitting weights	artifacts/ds4v-fitter-fix/full-run-repair.log	PASS calibration; encoding and load proof pending
2026-09-04T22:09:12Z	projector	Verified lossless standalone projector at ef64f62	Native GGUF parser and independent original-byte comparison qualify the runtime input	artifacts/ds4v-step2/mmproj-proof/byte-proof.json	PASS 12 tests, 267 tensors and 932786176 payload bytes
2026-09-04T22:55:05Z	arena	Select A as experimental runtime base; keep numerical ISSUES	Independent review scored A20/25 B16/25; both share unchanged corn failure	artifacts/ds4v-step2/native-tower-crossjudge.md; ds4v/vision-runtime5bf705e	Complete token budget fixed with remote red/green; maximum grid finite and observer invariant; no parity or GPU claim
2026-09-04T23:13:41Z	implementation	Accept independent image policy and transport units	Source fixture policy parity and remote transport red-green; independent transport review resolved depth and placeholder findings	ds4v/vision-policy5da9272; ds4v/vision-transport25f6105; artifacts/ds4v-step2/transport-review.md	Unintegrated CPU units PASS; no HTTP/GPU/model behavior claim
2026-09-04T23:26:54Z	step2	HIP tower probe build passes	Reuse server HIP compatibility definitions for standalone gfx1100 and gfx1151 qualification; GPU execution remains after text proof	artifacts/ds4v-step2/runtime-proof/build-hip-compat.log	PASS build only at 4bf7270; numerical qualification remains ISSUES
2026-09-04T23:35:57Z	step2	Isolate pure prompt preparation from tower integration	Uses accepted preprocessing core only; final token expansion, checked admission and owning spans can be verified without unqualified tower or codec	artifacts/ds4v-step2/prompt-preparation-brief.md	Writer ds4v/vision-prompt; tests-first remote CPU red/green required
2026-09-05T00:03:00Z	step2	Accept CPU image preparation composition	Verified units compose through actual renderer/tokenizer with exact source patches/layouts and interaction negatives; tower remains separate	artifacts/ds4v-step2/cpu-composition-review.md	PASS ds4v/vision-cpu0065158; no HTTP/backend/GPU integration
2026-09-05T00:03:00Z	step1	Prototype byte-preserving parallel expert encoding	Single-core full run is substantially slower than handoff estimate; independent review found bounded immutable expert tasks feasible	artifacts/ds4v-fitter-fix/parallel-encoding-brief.md	Prototype only; current full run preserved; complete17expert byte comparisons and speed evidence before another full run
2026-09-05T00:21:39Z	implementation	Launch distinct eight-worker full MIX candidate after acceptance	Original serial run takes substantially longer than handoff estimate; exact codec and five-lane output identity with 3.9x sample speedup justify bounded concurrency	ds4v/mix-parallel 1a38b984; artifacts/ds4v-fitter-fix/mix-parallel-review.md; soulf PID3333730; conversion.started 2026-09-05T00:20:05Z	ACTIVE; original PID3289986 untouched; text load and vision runtime still unproven
2026-09-05T00:26:40Z	verification	Prepare isolated original-source ROCm control without GPU execution	CPU native drift remains unresolved; eventual same-device source comparison can distinguish backend arithmetic from graph mismatch	artifacts/ds4v-step2/rocm-source-reference-options.md; precommitted AMD torch2.10 rocm7.2.4 investigative build	Preparation only; immutable CPU fixtures and system ROCm preserved; no version sweep or gate change
2026-09-05T00:41:37Z	verification	Accept isolated source ROCm environment and CPU portability control	One fixed AMD Torch build plus private matching MIOpen now preserves original corn CPU outputs exactly, enabling later same-GPU diagnostic comparison	artifacts/ds4v-step2/source-rocm-reference/report.md; source-rocm-reference-review.md; runner17ba9d66; CPU feature/embedding hashes identical	Scoped PASS; source HIP and native acceptance NOT_QUALIFIED; fixed gate unchanged
2026-09-05T01:21:27Z	checkpoint	Allow standalone vision GPU qualification during CPU quantization	User reaffirmed working on vision now; verified projector/source fixtures make the standalone tower independent of the unfinished text artifact. Existing text-first chat milestone stays; idle pair and operator protection are enforced	User follow-up; KFD empty; operator inactive PID0; hip-qualification.sh component-only mode with double idle/resource gate	Pending harness review before GPU execution; no full image chat before text proof
2026-09-05T01:31:57Z	verification	Execute independently guarded native HIP component qualification	Standalone projector is verified and pair is idle; preserve full text-first chat milestone	component-window-review.md; native-hip-first/summary.json; harness152af330	Execution PASS; fixed features and embeddings ISSUES/exit3; corn repeat byte-identical; targeted biased-linear rounding hypothesis under investigation
2026-09-05T01:37:12Z	qualification-policy	Adopt prospective same7900XT original-source reference with unchanged numeric thresholds	Original source HIP itself fails CPU feature threshold; native also fails against source HIP; controlled target fidelity requires target reference	target-hip-qualification-policy.md 62b3daef05bcaaac175f6907b8748d64952a4bf96baab316bab9b2140451929f; two independent reviews of substantive policy7edde20e	Policy accepted; reference repeat/freeze and corrected candidate qualification still pending; all CPU failures retained
2026-09-05T01:44:59Z	reference-freeze	Freeze first original-source HIP outputs after exact repeat stability	Same-target baseline must precede corrected native full-tower output	canonical677b5ef0; freeze8ab35a8a; source-rocm-reference/reference-stability-report.md	PASS source stability both images; native candidate NOT_EVALUATED; CPU corn feature portability ISSUES retained
2026-09-05T02:02:01Z	conversion	Accept completed parallel MIX artifact for private load proof	All129 tensors and internal structural/sidecar/raw-byte verification pass; complete2filemanifestpublishedbeforeexit0	parallel-run/conversion.sha256; GGUF58086fcd; GUMIX954110a5	Conversion PASS; private text load active; original serial preserved until text verdict
2026-09-05T02:02:01Z	vision	Keep scoped rounding fix but preserve full tower ISSUES	Tiny source-grounded regression passes and CPU outputs staybyteidentical; both target embeddings nowpass but featuresstillfail	be8b0f1; biased-linear-rounding.md; native-hip-scoped/summary.json	Implementation scopedPASS; targettowerexit3; runtime integration remains blocked
2026-09-05T02:08:07Z	text-load	Preserve failed first chat proof and fix BF16 RMS affine compatibility	Model loads acrossbothGPUs but firstchat asserts GPUbinarybroadcast src1 type; actualnormvectorsBF16	load-first/server.log; load-first/harness.exit52; PID3380377gone/KFDempty	Load/topologyPASS; chatFAIL; isolated narrowgraphfix authorized; operator remainsdown untilsuccessfulproof
2026-09-05T02:42:20Z	text-load	Accept full MIX text proof with narrow BF16 norm fix	All six requests succeed; exact math and triplicate longer145-token replies pass with speculative decoding true	7071946; binaryc32e5ae3; load-bf16-pass/verdict.json; harness.exit0; PID3396669gone/KFDempty	Text PASS; short decode15.9/16.4/17.4tps; old operator as-is restoration next; vision still unqualified
