2026-09-04T06:12Z	Created branch ds4v/baseline at origin/main 298031aa4222ec61c971ed834ec8f8829ce37a5c via git branch plus symbolic-ref	Plain git checkout -b aborted because the sparse checkout keeps staged deletions; repointing HEAD avoids touching index or worktree
2026-09-04T06:21Z	Authored docs/ds4v-baseline.md with PR 604 and blog numbers, no long dashes, no prose colons	Task step 3
2026-09-04T06:21Z	Authored scripts/ds4v-baseline.sh with launch, doctor, chat-smoke, spec-flag, cleanup	Task step 4
2026-09-04T06:22Z	Fixed spec-flag jq reading, replaced fallback operator with has() test because jq collapses JSON false to the fallback	Found by stub server test returning spec_decode_ran false
2026-09-04T06:22Z	Validated doctor, chat-smoke, spec-flag, cleanup against local stub servers on ports 8216 and 8217, bash -n, help path, missing-file path, unknown subcommand path	Task step 5
2026-09-04T06:23Z	Committing only docs/ds4v-baseline.md and scripts/ds4v-baseline.sh via pathspec commit	Sparse checkout index holds staged deletions that must not enter the commit
2026-09-04T06:26Z	Committed f27aefc on ds4v/baseline with only the two assigned files, pathspec commit kept sparse checkout staged deletions out	Task step 6
2026-09-04T06:26Z	git push to origin denied, 403 for marcelormendes on both SSH and HTTPS, saved format-patch to /tmp/ds4v-program/ds4v-1.patch	Task step 6 fallback
2026-09-04T06:28Z	Asked supervisor, chose between fork push PR and patch only handoff	Supervisor approved fork route
2026-09-04T06:29Z	Pushed ds4v/baseline to fork marcelormendes/lucebox and opened ready PR 695 against Luce-Org/lucebox main	Supervisor decision, option A
