1790334304.663095674,18636800
131767336960
1466368
qwen4exp_p0_mem,
1790334304.922569988,18636800
131763060736
33730560
qwen4exp_p0_mem,
1790334305.181258552,18636800
131756564480
79507456
qwen4exp_p0_mem,
1790334305.440281311,71143550976
130679484416
186605568
qwen4exp_p0_mem,
1790334305.699711804,71143550976
124845215744
186605568
qwen4exp_p0_mem,
1790334305.958905737,71143550976
119035609088
186605568
qwen4exp_p0_mem,
1790334306.218495534,71143550976
113216839680
186605568
qwen4exp_p0_mem,
1790334306.478718332,71143550976
107381800960
186605568
qwen4exp_p0_mem,
1790334306.738587028,71143550976
101572186112
186605568
qwen4exp_p0_mem,
1790334306.998464220,71143550976
95758905344
186605568
qwen4exp_p0_mem,
1790334307.257549492,71143550976
89957441536
186605568
qwen4exp_p0_mem,
1790334307.517514903,71143550976
84132495360
186605568
qwen4exp_p0_mem,
1790334307.777486116,71143550976
78323146752
186605568
qwen4exp_p0_mem,
1790334308.036296777,71143550976
72518238208
186605568
qwen4exp_p0_mem,
1790334308.295286219,71143550976
66713083904
186605568
qwen4exp_p0_mem,
1790334308.554465241,71143550976
60912111616
186605568
qwen4exp_p0_mem,
1790334308.814020757,71290384384
60031688704
245362688
qwen4exp_p0_mem,
1790334309.072448745,71290454016
59738091520
1078767616
qwen4exp_p0_mem,
1790334309.329034830,71290454016
59744866304
1595150336
qwen4exp_p0_mem,
1790334309.586851249,71290454016
59744407552
2421821440
qwen4exp_p0_mem,
1790334309.843687258,71290454016
59740119040
3338477568
qwen4exp_p0_mem,
1790334310.100464707,71290454016
59740389376
4110401536
qwen4exp_p0_mem,
1790334310.358453555,71290454016
59740934144
4343996416
qwen4exp_p0_mem,
1790334310.616818477,71290454016
59743662080
5038477312
qwen4exp_p0_mem,
1790334310.873684225,71290454016
59744673792
5639385088
qwen4exp_p0_mem,
1790334311.131706467,71290454016
59742781440
5798113280
qwen4exp_p0_mem,
1790334311.390061712,71290454016
59742953472
5997015040
qwen4exp_p0_mem,
1790334311.647677364,71290454016
59736199168
6530703360
qwen4exp_p0_mem,
1790334311.903850470,71290454016
59717054464
7501201408
qwen4exp_p0_mem,
1790334312.162024473,71290454016
59726725120
8477450240
qwen4exp_p0_mem,
1790334312.417953097,71290454016
59727536128
9162072064
qwen4exp_p0_mem,
1790334312.676648800,71290454016
59730784256
9416286208
qwen4exp_p0_mem,
1790334312.933983441,71290454016
59730444288
9957539840
qwen4exp_p0_mem,
1790334313.191144475,71290454016
59736244224
10642354176
qwen4exp_p0_mem,
1790334313.449503311,71290454016
59734663168
11336720384
qwen4exp_p0_mem,
1790334313.707890151,71290454016
59734102016
11844419584
qwen4exp_p0_mem,
1790334313.965926565,71290454016
59732152320
12831330304
qwen4exp_p0_mem,
1790334314.224673670,71290454016
59728576512
13845766144
qwen4exp_p0_mem,
1790334314.483071723,71290454016
59728424960
14824013824
qwen4exp_p0_mem,
1790334314.739777685,71290454016
59727306752
15822495744
qwen4exp_p0_mem,
1790334314.997598523,71290454016
59724406784
16333762560
qwen4exp_p0_mem,
1790334315.254726388,71290454016
59721515008
17308721152
qwen4exp_p0_mem,
1790334315.513373806,71290454016
59716022272
18366238720
qwen4exp_p0_mem,
1790334315.771377763,71290454016
59715420160
18786947072
qwen4exp_p0_mem,
1790334316.029592400,71290454016
59715346432
19054170112
qwen4exp_p0_mem,
1790334316.288168064,71290454016
59712712704
19273584640
qwen4exp_p0_mem,
1790334316.544373471,71290454016
59708227584
19550871552
qwen4exp_p0_mem,
1790334316.801182232,71290454016
59706368000
20216930304
qwen4exp_p0_mem,
1790334317.057260118,71290454016
59709919232
20927647744
qwen4exp_p0_mem,
1790334317.314883777,71290454016
59707834368
21539160064
qwen4exp_p0_mem,
1790334317.572026184,71290454016
59703607296
22284767232
qwen4exp_p0_mem,
1790334317.829615819,71290454016
59697524736
23286550528
qwen4exp_p0_mem,
1790334318.086707450,71290454016
59694141440
24309895168
qwen4exp_p0_mem,
1790334318.344790263,71290454016
59693895680
24813150208
qwen4exp_p0_mem,
1790334318.603259438,71290454016
59691593728
25231925248
qwen4exp_p0_mem,
1790334318.861037533,71290454016
59689537536
25858510848
qwen4exp_p0_mem,
1790334319.119117281,71290454016
59690147840
26197139456
qwen4exp_p0_mem,
1790334319.377861681,71290454016
59690418176
26410524672
qwen4exp_p0_mem,
1790334319.635498409,71290454016
59690590208
26707906560
qwen4exp_p0_mem,
1790334319.893094921,71290454016
59689947136
27081994240
qwen4exp_p0_mem,
1790334320.150511683,71290454016
59686195200
27383730176
qwen4exp_p0_mem,
1790334320.409184829,71290454016
59686711296
27870928896
qwen4exp_p0_mem,
1790334320.666196443,71290454016
59683823616
28919963648
qwen4exp_p0_mem,
1790334320.923105493,71290454016
59683102720
29906739200
qwen4exp_p0_mem,
1790334321.180547195,71290454016
59677065216
30931787776
qwen4exp_p0_mem,
1790334321.438117360,71290454016
59674116096
31841947648
qwen4exp_p0_mem,
1790334321.695651127,71290454016
59670835200
32758067200
qwen4exp_p0_mem,
1790334321.952407970,71290454016
59665326080
33720016896
qwen4exp_p0_mem,
1790334322.210858798,71290454016
59648712704
34554617856
qwen4exp_p0_mem,
1790334322.470028260,71290454016
59679719424
35425804288
qwen4exp_p0_mem,
1790334322.726686067,71290454016
59682246656
36050624512
qwen4exp_p0_mem,
1790334322.985157104,71290454016
59687915520
37040021504
qwen4exp_p0_mem,
1790334323.243815758,71290454016
59691536384
37633396736
qwen4exp_p0_mem,
1790334323.501515404,71290454016
59687493632
37922267136
qwen4exp_p0_mem,
1790334323.759142000,71290454016
59686653952
38828081152
qwen4exp_p0_mem,
1790334324.019782595,71290454016
59685994496
39333027840
qwen4exp_p0_mem,
1790334324.278539608,71290454016
59629309952
40155602944
qwen4exp_p0_mem,
1790334324.535728487,71290454016
59686993920
40829448192
qwen4exp_p0_mem,
1790334324.794076504,71290454016
59682549760
41118081024
qwen4exp_p0_mem,
1790334325.051019947,71290454016
59683676160
41701474304
qwen4exp_p0_mem,
1790334325.309148219,71290454016
59677138944
42251251712
qwen4exp_p0_mem,
1790334325.568281217,71290454016
59676487680
42893692928
qwen4exp_p0_mem,
1790334325.826978008,71290454016
59675308032
43727085568
qwen4exp_p0_mem,
1790334326.084689019,71290454016
59658690560
44477640704
qwen4exp_p0_mem,
1790334326.343103145,71290454016
59660832768
45210824704
qwen4exp_p0_mem,
1790334326.602490297,71290454016
59673939968
45555904512
qwen4exp_p0_mem,
1790334326.859946085,71290454016
59671142400
45827678208
qwen4exp_p0_mem,
1790334327.118892082,71290454016
59670159360
45973532672
qwen4exp_p0_mem,
1790334327.377839963,71290454016
59670810624
46418878464
qwen4exp_p0_mem,
1790334327.634925089,71290454016
59667599360
46956146688
qwen4exp_p0_mem,
1790334327.893345770,71290454016
59661225984
47177363456
qwen4exp_p0_mem,
1790334328.151449500,71290454016
59661594624
47378513920
qwen4exp_p0_mem,
1790334328.411187612,71290454016
59660955648
47550963712
qwen4exp_p0_mem,
1790334328.670962013,71290454016
59662835712
47722004480
qwen4exp_p0_mem,
1790334328.929631066,71290454016
59661922304
47896195072
qwen4exp_p0_mem,
1790334329.187433627,71290454016
59660980224
48425725952
qwen4exp_p0_mem,
1790334329.444490063,71290454016
59660705792
49096744960
qwen4exp_p0_mem,
1790334329.702973857,71290454016
59656425472
49615499264
qwen4exp_p0_mem,
1790334329.962245145,71290454016
59657097216
50394652672
qwen4exp_p0_mem,
1790334330.220665611,71290454016
59654172672
51094302720
qwen4exp_p0_mem,
1790334330.479692717,71290454016
59653660672
51691962368
qwen4exp_p0_mem,
1790334330.739123349,71290454016
59651190784
51844313088
qwen4exp_p0_mem,
1790334330.997850436,71290454016
59647082496
52079128576
qwen4exp_p0_mem,
1790334331.255618576,71290454016
59648864256
52553007104
qwen4exp_p0_mem,
1790334331.514232070,71290454016
59644940288
53132091392
qwen4exp_p0_mem,
1790334331.772170052,71290454016
59644899328
53945401344
qwen4exp_p0_mem,
1790334332.030275582,71290454016
59643805696
54235537408
qwen4exp_p0_mem,
1790334332.289298564,71290454016
59639422976
54495244288
qwen4exp_p0_mem,
1790334332.547282264,71290454016
59635630080
54917087232
qwen4exp_p0_mem,
1790334332.804034889,71290454016
59605106688
55432409088
qwen4exp_p0_mem,
1790334333.059954234,71290454016
59613147136
55609487360
qwen4exp_p0_mem,
1790334333.316848429,71290454016
59626344448
55817891840
qwen4exp_p0_mem,
1790334333.574074143,71290454016
59628019712
56121454592
qwen4exp_p0_mem,
1790334333.831203494,71290454016
59642626048
56931975168
qwen4exp_p0_mem,
1790334334.088631442,71290454016
59655839744
57634820096
qwen4exp_p0_mem,
1790334334.347230193,71290454016
59658883072
58405810176
qwen4exp_p0_mem,
1790334334.604561059,71290454016
59648962560
58665893888
qwen4exp_p0_mem,
1790334334.863103162,71290454016
59646947328
58993242112
qwen4exp_p0_mem,
1790334335.120622606,71290454016
59639103488
59671744512
qwen4exp_p0_mem,
1790334335.386975681,71290454016
59681366016
59717865472
qwen4exp_p0_mem,
1790334335.648512438,71290454016
59517005824
59430756352
qwen4exp_p0_mem,
1790334335.906130279,71290454016
59522011136
59506032640
qwen4exp_p0_mem,
1790334336.164651235,71290454016
59659055104
59265630208
qwen4exp_p0_mem,
1790334336.421843230,71290454016
59682881536
58982629376
qwen4exp_p0_mem,
1790334336.678323676,71290454016
59680563200
58368073728
qwen4exp_p0_mem,
1790334336.934716274,71290454016
59686846464
58199638016
qwen4exp_p0_mem,
1790334337.190868197,71290454016
59664629760
58154221568
qwen4exp_p0_mem,
1790334337.446961029,71290454016
59598364672
58220564480
qwen4exp_p0_mem,
1790334337.703858277,71290454016
59679076352
57824825344
qwen4exp_p0_mem,
1790334337.960187106,71290454016
59672674304
57244647424
qwen4exp_p0_mem,
1790334338.217194284,71290454016
59674181632
56560029696
qwen4exp_p0_mem,
1790334338.474829693,71290454016
59679313920
55975997440
qwen4exp_p0_mem,
1790334338.731261540,71290454016
59653505024
55334535168
qwen4exp_p0_mem,
1790334338.989520313,71290454016
59675709440
54794874880
qwen4exp_p0_mem,
1790334339.248728769,71290454016
59668738048
54679064576
qwen4exp_p0_mem,
1790334339.505175695,71290454016
59666427904
54339575808
qwen4exp_p0_mem,
1790334339.762250263,71290454016
59666931712
53698473984
qwen4exp_p0_mem,
1790334340.020105141,71290454016
59678179328
53212659712
qwen4exp_p0_mem,
1790334340.279236312,71290454016
59666632704
52967452672
qwen4exp_p0_mem,
1790334340.536730758,71290454016
59656204288
52517662720
qwen4exp_p0_mem,
1790334340.792790401,71290454016
59659456512
52563132416
qwen4exp_p0_mem,
1790334341.049320147,71290454016
59653279744
52277129216
qwen4exp_p0_mem,
1790334341.307451853,71290454016
59652874240
52468064256
qwen4exp_p0_mem,
1790334341.564703941,71290454016
59649368064
52227473408
qwen4exp_p0_mem,
1790334341.822524848,71290454016
59624923136
52174139392
qwen4exp_p0_mem,
1790334342.078795934,71290454016
59646799872
52367093760
qwen4exp_p0_mem,
1790334342.337866043,71290454016
59642515456
52077076480
qwen4exp_p0_mem,
1790334342.596550420,71290454016
59265712128
52039766016
qwen4exp_p0_mem,
1790334342.855416601,71290454016
59288256512
51540815872
qwen4exp_p0_mem,
1790334343.114899474,71290454016
59291230208
51047718912
qwen4exp_p0_mem,
1790334343.373070628,71290454016
59272990720
50641223680
qwen4exp_p0_mem,
1790334343.631209542,71290454016
59303751680
27715125248
qwen4exp_p0_mem,
1790334343.889974383,72265629696
58872586240
861954048
qwen4exp_p0_mem,
1790334344.148782747,75195367424
55490736128
898031616
qwen4exp_p0_mem,
1790334344.407952198,75221274624
55047065600
1328988160
qwen4exp_p0_mem,
1790334344.668092400,75221274624
55026835456
1334075392
qwen4exp_p0_mem,
1790334344.925761133,75221274624
55014322176
1334075392
qwen4exp_p0_mem,
1790334345.183870092,75221274624
55024533504
1334075392
qwen4exp_p0_mem,
1790334345.443088697,75221274624
55027732480
1334075392
qwen4exp_p0_mem,
1790334345.702758960,75221274624
55021621248
1334075392
qwen4exp_p0_mem,
1790334345.960466007,75221274624
55013216256
1334075392
qwen4exp_p0_mem,
1790334346.217472627,75221274624
55015178240
1334075392
qwen4exp_p0_mem,
1790334346.476899520,75221274624
55018192896
1334075392
qwen4exp_p0_mem,
1790334346.735113610,75221274624
55004323840
1334075392
qwen4exp_p0_mem,
1790334346.993875561,75221274624
55005040640
1334075392
qwen4exp_p0_mem,
1790334347.251835801,75221274624
55045582848
1334075392
qwen4exp_p0_mem,
1790334347.511504583,75221274624
55025704960
1334075392
qwen4exp_p0_mem,
1790334347.769090224,75221274624
55026270208
1334075392
qwen4exp_p0_mem,
1790334348.029264856,75221274624
55046590464
1334075392
qwen4exp_p0_mem,
1790334348.287427812,75221274624
55052734464
1334075392
qwen4exp_p0_mem,
1790334348.546550200,75221274624
55007895552
1334075392
qwen4exp_p0_mem,
1790334348.806396992,75221274624
55010041856
1334075392
qwen4exp_p0_mem,
1790334349.065428347,75221274624
55016579072
1334075392
qwen4exp_p0_mem,
1790334349.323656399,75221274624
54997520384
1334075392
qwen4exp_p0_mem,
1790334349.583412079,75221274624
55033622528
1334075392
qwen4exp_p0_mem,
1790334349.842731943,75221274624
55035760640
1334075392
qwen4exp_p0_mem,
1790334350.101050898,75221274624
55042895872
1334075392
qwen4exp_p0_mem,
1790334350.359117425,75221274624
55026061312
1334075392
qwen4exp_p0_mem,
1790334350.617953181,75221274624
55018598400
1334075392
qwen4exp_p0_mem,
1790334350.876730236,75221274624
55017177088
1334075392
qwen4exp_p0_mem,
1790334351.135241598,75221274624
55027556352
1334075392
qwen4exp_p0_mem,
1790334351.393957929,75221274624
55028158464
1334075392
qwen4exp_p0_mem,
1790334351.653747507,75221274624
55017893888
1334075392
qwen4exp_p0_mem,
1790334351.913227167,75221274624
55016529920
1334075392
qwen4exp_p0_mem,
1790334352.170423936,75221274624
55003406336
1334075392
qwen4exp_p0_mem,
1790334352.429470946,75221274624
55000535040
1334075392
qwen4exp_p0_mem,
1790334352.688310463,75221274624
55000363008
1334075392
qwen4exp_p0_mem,
1790334352.946532177,75221274624
55001587712
1334075392
qwen4exp_p0_mem,
1790334353.204401223,75221274624
55000477696
1334075392
qwen4exp_p0_mem,
1790334353.461859130,75221274624
55004672000
1334075392
qwen4exp_p0_mem,
1790334353.720483780,75221274624
55007117312
1334075392
qwen4exp_p0_mem,
1790334353.980507635,75221274624
55040499712
1334075392
qwen4exp_p0_mem,
1790334354.239458887,75221274624
55027920896
1334075392
qwen4exp_p0_mem,
1790334354.497535809,75221274624
55027703808
1334075392
qwen4exp_p0_mem,
1790334354.758324758,75221274624
55006265344
1334075392
qwen4exp_p0_mem,
1790334355.016788745,75221274624
55000612864
1334075392
qwen4exp_p0_mem,
1790334355.276649945,75221274624
55015346176
1334075392
qwen4exp_p0_mem,
1790334355.536490716,75221274624
55010566144
1334075392
qwen4exp_p0_mem,
1790334355.795590992,75221274624
55001907200
1334075392
qwen4exp_p0_mem,
1790334356.055125422,75221274624
55005581312
1334075392
qwen4exp_p0_mem,
1790334356.314308867,75221274624
55007854592
1334075392
qwen4exp_p0_mem,
1790334356.573350863,75221274624
55004024832
1334075392
qwen4exp_p0_mem,
1790334356.831484777,75221274624
54997307392
1334075392
qwen4exp_p0_mem,
1790334357.089328751,75221274624
55002877952
1334075392
qwen4exp_p0_mem,
1790334357.347492944,75221274624
54986842112
1334075392
qwen4exp_p0_mem,
1790334357.607541031,75221274624
55024562176
1334075392
qwen4exp_p0_mem,
1790334357.866437684,75221274624
55047405568
1334075392
qwen4exp_p0_mem,
1790334358.124790936,75221274624
55025942528
1334075392
qwen4exp_p0_mem,
1790334358.383547644,75221274624
55008960512
1334075392
qwen4exp_p0_mem,
1790334358.641075290,75221274624
55015723008
1334075392
qwen4exp_p0_mem,
1790334358.900419683,75221274624
55021096960
1334075392
qwen4exp_p0_mem,
1790334359.158564582,75221274624
55041675264
1334075392
qwen4exp_p0_mem,
1790334359.416986045,75221274624
55044292608
1334075392
qwen4exp_p0_mem,
1790334359.677989167,75221274624
55038926848
1334075392
qwen4exp_p0_mem,
1790334359.936841549,75221274624
54869258240
1508024320
qwen4exp_p0_mem,
1790334360.196780122,81995075584
52190666752
1986826240
qwen4exp_p0_mem,
1790334360.457021250,81995075584
47996829696
1986793472
qwen4exp_p0_mem,
1790334360.717322993,84019240960
45346140160
2021232640
qwen4exp_p0_mem,
1790334360.975748926,87439695872
41754550272
2021232640
qwen4exp_p0_mem,
1790334361.232966438,88765898752
40663207936
2028679168
qwen4exp_p0_mem,
1790334361.491845513,90281168896
39060324352
2046427136
qwen4exp_p0_mem,
1790334361.752004185,90281168896
39049773056
2046427136
qwen4exp_p0_mem,
1790334362.011241460,90295586816
39145213952
2046427136
qwen4exp_p0_mem,
1790334362.270177404,90295586816
39105212416
2046427136
qwen4exp_p0_mem,
1790334362.526687805,90295586816
39090380800
2046427136
qwen4exp_p0_mem,
1790334362.785871680,90295586816
39090618368
2046427136
qwen4exp_p0_mem,
1790334363.045375041,90295586816
39094755328
2046427136
qwen4exp_p0_mem,
1790334363.304997870,90295586816
39106686976
2046427136
qwen4exp_p0_mem,
1790334363.565321288,90295586816
39107719168
2046427136
qwen4exp_p0_mem,
1790334363.825044056,90295586816
39104663552
2046427136
qwen4exp_p0_mem,
1790334364.083000603,90295586816
39096750080
2046427136
qwen4exp_p0_mem,
1790334364.339414505,90295586816
39097929728
2046427136
qwen4exp_p0_mem,
1790334364.599646070,90295586816
39097450496
2046427136
qwen4exp_p0_mem,
1790334364.860621767,90295586816
39096676352
2046427136
qwen4exp_p0_mem,
1790334365.119697069,90295586816
39095140352
2046427136
qwen4exp_p0_mem,
1790334365.379681847,90295586816
39094108160
2046427136
qwen4exp_p0_mem,
1790334365.639496643,90295586816
39093854208
2046427136
qwen4exp_p0_mem,
1790334365.899447607,90295586816
39093866496
2046427136
qwen4exp_p0_mem,
1790334366.161088568,90295586816
39092707328
2046427136
qwen4exp_p0_mem,
1790334366.420340227,90295586816
39092559872
2046427136
qwen4exp_p0_mem,
1790334366.681303954,90295586816
39091527680
2046427136
qwen4exp_p0_mem,
1790334366.943594108,90295586816
39092355072
2046427136
qwen4exp_p0_mem,
1790334367.203341799,90295586816
39080054784
2046427136
qwen4exp_p0_mem,
1790334367.461855689,90295586816
39080198144
2046427136
qwen4exp_p0_mem,
1790334367.720917589,90295586816
39080632320
2046427136
qwen4exp_p0_mem,
1790334367.980966261,90295586816
39080386560
2046427136
qwen4exp_p0_mem,
1790334368.240547748,90295586816
39080583168
2046427136
qwen4exp_p0_mem,
1790334368.499065386,90295586816
39080079360
2046427136
qwen4exp_p0_mem,
1790334368.758074838,90295586816
39080792064
2046427136
qwen4exp_p0_mem,
1790334369.017548821,90295586816
39080534016
2046427136
qwen4exp_p0_mem,
1790334369.276691607,90295586816
39080030208
2046427136
qwen4exp_p0_mem,
1790334369.536308813,90295586816
39079526400
2046427136
qwen4exp_p0_mem,
1790334369.796403635,90295586816
39079022592
2046427136
qwen4exp_p0_mem,
1790334370.054834801,90295586816
39079534592
2046427136
qwen4exp_p0_mem,
1790334370.313550127,90295586816
39079383040
2046427136
qwen4exp_p0_mem,
1790334370.573572804,90295586816
39079383040
2046427136
qwen4exp_p0_mem,
1790334370.833278349,90295586816
39078899712
2046427136
qwen4exp_p0_mem,
1790334371.092659790,90295586816
39079157760
2046427136
qwen4exp_p0_mem,
1790334371.352582508,90295586816
39081000960
2046427136
qwen4exp_p0_mem,
1790334371.613011878,90295586816
39080742912
2046427136
qwen4exp_p0_mem,
1790334371.873044645,90295586816
39080189952
2046427136
qwen4exp_p0_mem,
1790334372.132784247,90295586816
39079501824
2046427136
qwen4exp_p0_mem,
1790334372.390880471,90295586816
39077953536
2046427136
qwen4exp_p0_mem,
1790334372.648609719,90295586816
39077257216
2046427136
qwen4exp_p0_mem,
1790334372.907801482,90295586816
39076741120
2046427136
qwen4exp_p0_mem,
1790334373.166979349,90295586816
39072354304
2046427136
qwen4exp_p0_mem,
1790334373.425958720,90295586816
39072808960
2046427136
qwen4exp_p0_mem,
1790334373.685607381,90295586816
39072555008
2046427136
qwen4exp_p0_mem,
1790334373.946137364,90295586816
39072051200
2046427136
qwen4exp_p0_mem,
1790334374.205915562,90295586816
39071277056
2046427136
qwen4exp_p0_mem,
1790334374.464981909,90295586816
39071485952
2046427136
qwen4exp_p0_mem,
1790334374.724758274,90295586816
39071477760
2046427136
qwen4exp_p0_mem,
1790334374.985237071,90295586816
39071232000
2046427136
qwen4exp_p0_mem,
1790334375.244519340,90295586816
39070986240
2046427136
qwen4exp_p0_mem,
1790334375.503818149,90295586816
39070728192
2046427136
qwen4exp_p0_mem,
1790334375.763757384,90295586816
39070728192
2046427136
qwen4exp_p0_mem,
1790334376.024507137,90295586816
39068753920
2046427136
qwen4exp_p0_mem,
1790334376.284189145,90295586816
39068479488
2046427136
qwen4exp_p0_mem,
1790334376.544790337,90295586816
39067459584
2046427136
qwen4exp_p0_mem,
1790334376.803868119,90295586816
39067459584
2046427136
qwen4exp_p0_mem,
1790334377.063000685,90295586816
39066963968
2046427136
qwen4exp_p0_mem,
1790334377.322503765,90295586816
39067283456
2046427136
qwen4exp_p0_mem,
1790334377.582058402,90295586816
39065317376
2046427136
qwen4exp_p0_mem,
1790334377.841345863,90295586816
39065071616
2046427136
qwen4exp_p0_mem,
1790334378.100353072,90295586816
39065141248
2046427136
qwen4exp_p0_mem,
1790334378.358091885,90295586816
39061987328
2046427136
qwen4exp_p0_mem,
1790334378.617659038,90295586816
39068426240
2046427136
qwen4exp_p0_mem,
1790334378.879186110,90295586816
39070253056
2046427136
qwen4exp_p0_mem,
1790334379.138642903,90295586816
39064948736
2046427136
qwen4exp_p0_mem,
1790334379.397390642,90295586816
39026860032
2046427136
qwen4exp_p0_mem,
1790334379.657411758,90295586816
39031390208
2046427136
qwen4exp_p0_mem,
1790334379.916583922,90295586816
39030411264
2046427136
qwen4exp_p0_mem,
1790334380.176441508,90295586816
39030411264
2046427136
qwen4exp_p0_mem,
1790334380.436234712,90295586816
39027634176
2046427136
qwen4exp_p0_mem,
1790334380.697392455,90295586816
39028084736
2046427136
qwen4exp_p0_mem,
1790334380.957975367,90295586816
39027580928
2046427136
qwen4exp_p0_mem,
1790334381.217368904,90295586816
39025790976
2046427136
qwen4exp_p0_mem,
1790334381.476459506,90295586816
39028166656
2046427136
qwen4exp_p0_mem,
1790334381.737110405,83521785856
39397998592
1706668032
qwen4exp_p0_mem,
1790334381.996594880,83521785856
39397998592
1706668032
qwen4exp_p0_mem,
1790334382.256880063,83521785856
39399333888
1706668032
qwen4exp_p0_mem,
1790334382.517048618,83521785856
39400407040
1706668032
qwen4exp_p0_mem,
1790334382.777672802,83521785856
39400001536
1706668032
qwen4exp_p0_mem,
1790334383.039768467,83521785856
39400001536
1706668032
qwen4exp_p0_mem,
1790334383.300624790,83521785856
39400001536
1706668032
qwen4exp_p0_mem,
1790334383.560050530,83521785856
39401717760
1706668032
qwen4exp_p0_mem,
1790334383.820731315,83521785856
39401730048
1706668032
qwen4exp_p0_mem,
1790334384.080470858,83521785856
39401730048
1706668032
qwen4exp_p0_mem,
1790334384.343431547,83521785856
39401218048
1706668032
qwen4exp_p0_mem,
1790334384.606106405,83521785856
39401218048
1706668032
qwen4exp_p0_mem,
1790334384.868668936,83521785856
39401230336
1706668032
qwen4exp_p0_mem,
1790334385.127877688,83521785856
39397130240
1706668032
qwen4exp_p0_mem,
1790334385.387204790,83521785856
39399469056
1706668032
qwen4exp_p0_mem,
1790334385.648189062,83521785856
39399153664
1706668032
qwen4exp_p0_mem,
1790334385.907892893,83521785856
39398653952
1706668032
qwen4exp_p0_mem,
1790334386.169602960,83521785856
39398395904
1706668032
qwen4exp_p0_mem,
1790334386.431042201,83521785856
39399604224
1706668032
qwen4exp_p0_mem,
1790334386.691943518,83521785856
39399100416
1706668032
qwen4exp_p0_mem,
1790334386.954696044,83521785856
39398842368
1706668032
qwen4exp_p0_mem,
1790334387.216849535,83521785856
39401680896
1706668032
qwen4exp_p0_mem,
1790334387.478647982,83521785856
39401660416
1706668032
qwen4exp_p0_mem,
1790334387.739517523,83521785856
39401152512
1706668032
qwen4exp_p0_mem,
1790334387.999623043,83521785856
39401152512
1706668032
qwen4exp_p0_mem,
1790334388.261675708,83521785856
39398338560
1706668032
qwen4exp_p0_mem,
1790334388.521277166,83521785856
39398703104
1706668032
qwen4exp_p0_mem,
1790334388.782888553,83521785856
39397928960
1706668032
qwen4exp_p0_mem,
1790334389.043122697,83521785856
39397683200
1706668032
qwen4exp_p0_mem,
1790334389.303167364,83521785856
39399288832
1706668032
qwen4exp_p0_mem,
1790334389.565769233,83521785856
39398522880
1706668032
qwen4exp_p0_mem,
1790334389.824548974,79616888832
40101335040
1032011776
qwen4exp_p0_mem,
1790334390.085055022,79616888832
40091291648
1032011776
qwen4exp_p0_mem,
1790334390.347658350,79616888832
40118329344
1032011776
qwen4exp_p0_mem,
1790334390.607452337,79616888832
40116826112
1032011776
qwen4exp_p0_mem,
1790334390.867619863,79616888832
40115380224
1032011776
qwen4exp_p0_mem,
1790334391.126682322,79616888832
40110723072
1032011776
qwen4exp_p0_mem,
1790334391.385918762,79616888832
40111214592
1032011776
qwen4exp_p0_mem,
1790334391.646000216,79616888832
40111042560
1032011776
qwen4exp_p0_mem,
1790334391.906093803,79616888832
40110022656
1032011776
qwen4exp_p0_mem,
1790334392.164425166,79616888832
40109514752
1032011776
qwen4exp_p0_mem,
1790334392.423883358,79616888832
40091000832
1032011776
qwen4exp_p0_mem,
1790334392.682480296,79616888832
40090284032
1032011776
qwen4exp_p0_mem,
1790334392.943212536,6279483392
57240797184
1032011776
qwen4exp_p0_mem,
1790334393.203512967,1344884736
62220320768
1023623168
qwen4exp_p0_mem,
1790334393.464428015,18640896
64080576512
464920576
qwen4exp_p0_mem,
